KER,EPI,DRM,DEJ
255,164,240,244
144,159,251,253
251,159,250,231
251,170,251,237
252,168,236,235
53,157,249,234
251,173,240,223
251,176,234,169
251,171,250,232
251,183,223,228
251,165,249,213
251,158,251,226
251,162,226,158
251,177,253,225
,163,255,238
,161,233,229
,159,255,250
,151,255,250
,168,250,254
,163,251,
,159,251,
,,250,
,,,
,,,
,,,
,,,
229.571428571429,165.047619047619,245.590909090909,227.842105263158
