KER,EPI,DRM,DEJ
251,161,237,245
140,155,250,250
252,155,254,233
252,169,252,231
56,164,243,237
56,168,250,226
252,171,247,228
252,170,230,171
252,174,254,223
252,187,230,175
252,169,250,215
252,177,252,217
140,167,229,162
252,174,249,229
,169,251,251
,164,229,217
,156,251,251
,153,251,251
,161,251,250
,159,255,
,161,252,
,,251,
,,,
,,,
,,,
,,,
207.928571428571,165.904761904762,246.272727272727,224.315789473684
