KER,EPI,DRM,DEJ
253,160,238,238
132,157,253,255
254,158,253,230
254,178,255,232
253,167,241,238
254,158,252,233
254,172,252,253
254,172,238,253
254,164,253,236
254,181,227,230
254,166,252,217
255,157,254,221
253,164,228,163
253,167,252,226
,165,254,253
,165,234,223
,158,253,253
,154,254,253
,162,253,253
,161,254,
,157,254,
,,253,
,,,
,,,
,,,
,,,
245.071428571429,163.952380952381,248.045454545455,234.736842105263
